{
  "model": "elitex:gun/ak47x_geo",
  "texture": "elitex:gun/uv/ak47x",

  "hud": "elitex:gun/hud/ak47x",
  "slot": "elitex:gun/slot/ak47x",
  "animation": "elitex:ak47x",
  "use_default_animation": "rifle",
  "third_person_animation": "default",
  "transform": {
    "scale": {
      "thirdperson": [0.6, 0.6, 0.6],
      "ground": [0.6, 0.6, 0.6],
      "fixed": [1.2, 1.2, 1.2]
    }
  },
  "muzzle_flash": {
    "texture": "tacz:flash/common_muzzle_flash",
    "scale": 0.75
  },
  "iron_zoom": 1.3,
  "shell": {
    "initial_velocity": [5, 2, 1],
    "random_velocity": [1, 1, 0.25],
    "acceleration": [0.0, -10, 0.0],
    "angular_velocity": [360, -1200, 90],
    "living_time": 1.7
  },
  "sounds": {
    "shoot": "elitex:assault_rifles/ak47x/ak47x_fire",
    "shoot_3p": "elitex:assault_rifles/ak47x/ak47x_fire_3p",
    "reload_empty": "elitex:assault_rifles/ak47x/ak47x_empty_reload",
    "reload_tactical": "elitex:assault_rifles/ak47x/ak47x_tactical_reload",
    "inspect": "elitex:assault_rifles/ak47x/ak47x_inspect",
    "inspect_empty": "elitex:assault_rifles/ak47x/ak47x_inspect_empty",
    "draw": "elitex:assault_rifles/ak47x/ak47x_draw",
    "put_away": "elitex:assault_rifles/ak47x/ak47x_put_away",
    "silence": "tacz:ak47/ak47_silence",
    "silence_3p": "tacz:ak47/ak47_silence_3p",
    "dry_fire": "tacz:dry_fire",
    "fire_select": "tacz:fire_select",
    "head_hit": "tacz:head_hit",
    "flesh_hit": "tacz:flesh_hit",
    "kill": "tacz:kill"
  },
  "offhand_show": {
    "pos": [1, 20, 3.5],
    "rotate": [0, 0, 60],
    "scale": [0.5, 0.5, 0.5]
  },
  "hotbar_show": {
    "0": {
      "pos": [-1, 20, 3],
      "rotate": [-180, 0, 120],
      "scale": [0.5, 0.5, 0.5]
    }
  },
  "text_show": {
    "ammo_count_text_show_pos": {
      "scale": 1,
      "align": "center",
      "shadow": false,
      "color": "#FFFFFF",
      "light": 15,
      "text": "text_show.elitex.ak47x.ammo_count"
    }
  }
}