{
  "materials": [
    {
      "item": {
        "tag": "forge:ingots/iron"
      },
      "count": 178
    },
    {
      "item": {
        "tag": "forge:gems/diamond"
      },
      "count": 40
    },
    {
      "item": {
        "tag": "forge:dusts/redstone"
      },
      "count": 64
    },
    {
      "item": {
        "tag": "forge:nether_stars"
      },
      "count": 2
    },
    {
      "item": {
        "tag": "forge:ingots/gold"
      },
      "count": 60
    },
    {
      "item": {
        "item": "minecraft:repeater"
      },
      "count": 3
    },
    {
      "item": {
        "item": "minecraft:observer"
      },
      "count": 2
    },
    {
      "item": {
        "item": "minecraft:end_crystal"
      },
      "count": 2
    }
  ],
  "result": {
    "type": "gun",
    "id": "elitex:ray_gun_mk2"
  }
}